S11-0074	M101
S11-0057	M101
S11-0067	M101
S11-0053	M101
S11-0049	M101
S11-0068	M101
S11-0364	M1071
S11-0278	M1071
S11-0099	M1071
S11-0320	M1071
S11-0114	M1071
S12-0179	M1071
S12-0080	M1071
S12-0055	M1071
S12-0104	M1071
S12-0009	M1071
S11-0127	M1131
S11-0024	M1131
S11-0034	M1131
S11-0315	M1131
S11-0296	M1131
S11-0335	M1131
S11-0130	M1131
S11-0254	M1138
S12-0046	M1138
S11-0242	M1138
S11-0244	M1138
S12-0077	M1138
S12-0123	M1138
S12-0088	M1138
S12-0153	M1138
S11-0162	M1138
S11-0202	M1138
S11-0233	M1141
S11-0287	M1141
S11-0041	M1141
S11-0347	M1141
S11-0255	M1141
S11-0181	M1141
S11-0235	M1141
S11-0148	M1165
S11-0156	M1165
S11-0136	M1165
S11-0331	M1165
S11-0294	M1165
S11-0314	M1165
S11-0333	M1165
S11-0112	M1179
S12-0166	M1179
S12-0053	M1179
S12-0001	M1179
S12-0157	M1179
S11-0362	M1179
S11-0110	M1179
S11-0083	M1179
S12-0122	M1179
S11-0093	M1179
S11-0006	M1381
S11-0012	M1381
S11-0036	M1381
S11-0044	M1381
S11-0020	M1381
S11-0007	M1381
S11-0043	M24
S11-0289	M24
S12-0160	M24
S12-0144	M24
S12-0047	M24
S11-0047	M24
S12-0128	M24
S11-0288	M24
S11-0270	M24
S12-0048	M24
S11-0250	M902
S11-0272	M902
S11-0219	M902
S11-0189	M902
S11-0292	M916
S11-0334	M916
S11-0293	M916
S12-0045	M916
S12-0054	M916
S12-0031	M916
S12-0011	M916
S11-0015	M916
S12-0038	M916
S11-0214	M916
S11-0201	M916
S11-0005	M916
S11-0191	M916
S12-0162	M916
S11-0009	M916
S12-0084	M916
S11-0341	M916
S12-0056	M916
S11-0353	M916
S12-0050	M916
S11-0031	M916
S12-0098	M916
S11-0257	M958
S12-0136	M958
S12-0066	M958
S12-0007	M958
S12-0020	M958
S12-0010	M958
S11-0207	M958
S11-0226	M958
S11-0187	M958
S11-0086	M958
